PID,Gene,Alt
HTMCP-01-16-00265-01A,TNFRSF14,W12*
HTMCP-01-16-00265-01A,PIM1,Q39H
HTMCP-01-15-00370-01A,MYC,P74S D2G
HTMCP-01-15-00370-01A,TP53,E286G K120E
HTMCP-01-15-00370-01A,PAX5,P8R
HTMCP-01-15-00366-01A,BCL10,G158*
HTMCP-01-15-00366-01A,TNFAIP3,X269_splice
HTMCP-01-10-00778-01A,BCL6,Y658C
HTMCP-01-10-00160-01A,CARD11,R423W P883H
HTMCP-01-10-00160-01A,IRF8,R419Qfs*51 G388Lfs*2 V390Pfs*60
HTMCP-01-10-00160-01A,PAX5,M1? G16R
HTMCP-01-10-00160-01A,BCL6,H641Q
HTMCP-01-06-00634-01A,MYC,Q50H Q50* V160L N178K P288H R372Q
HTMCP-01-06-00634-01A,TP53,R196*
HTMCP-01-06-00634-01A,BCL6,N31H
HTMCP-01-06-00611-01A,TNFAIP3,L104Gfs*10
HTMCP-01-06-00611-01A,CD79B,M144L
HTMCP-01-06-00611-01A,PAX5,N6T
HTMCP-01-06-00611-01A,CDKN1B,A145P
HTMCP-01-06-00611-01A,BCL6,X17_splice
HTMCP-01-06-00611-01A,MCL1,G327A
HTMCP-01-06-00606-01A,PIM1,E135K
HTMCP-01-06-00594-01A,PIM1,X28_splice L106F
HTMCP-01-06-00594-01A,BCL2,A131D R129L R109S T96I
HTMCP-01-06-00594-01A,REL,C109R
HTMCP-01-06-00563-01A,MYC,T73S S21R I140M
HTMCP-01-06-00563-01A,BAX,X12_splice
HTMCP-01-06-00500-01A,CARD11,G123S
HTMCP-01-06-00500-01A,MYD88,S206C
HTMCP-01-06-00497-01A,CARD11,K215T
HTMCP-01-06-00485-01A,MYC,T73I
HTMCP-01-06-00485-01A,TP53,R248W T125M
HTMCP-01-06-00443-01A,PRDM1,X98_splice
HTMCP-01-06-00443-01A,PIM1,X80_splice
HTMCP-01-06-00443-01A,MYD88,S230N
HTMCP-01-06-00422-01A,PIM1,G28D
HTMCP-01-06-00419-01B,TP53,R175H Y236N
HTMCP-01-06-00314-01A,TP53,X331_splice H179R
HTMCP-01-06-00310-01B,MYC,Y89N S107T P17A S218T A169T V208L
HTMCP-01-06-00307-01A,MYC,T73I
HTMCP-01-06-00307-01A,TNFRSF14,L25P
HTMCP-01-06-00307-01A,IRF8,E395Rfs*58
HTMCP-01-06-00306-01A,BCL6,X17_splice
HTMCP-01-06-00306-01A,IRF4,L24F
HTMCP-01-06-00299-01A,BCL2,X195_splice
HTMCP-01-06-00255-01A,MYC,X10_splice P75A
HTMCP-01-06-00255-01A,TP53,T253P
HTMCP-01-06-00253-01A,PIM1,G180A
HTMCP-01-06-00242-01A,MYC,P36S
HTMCP-01-06-00242-01A,PIM1,S115N R136K V151M E301K
HTMCP-01-06-00242-01A,CD79B,L200P
HTMCP-01-06-00242-01A,BCL2,A45T
HTMCP-01-06-00242-01A,CDKN1B,A145V
HTMCP-01-06-00242-01A,IRF4,L70V
HTMCP-01-06-00232-01A,IRF8,Q423*
HTMCP-01-06-00227-01A,MYC,D2H
HTMCP-01-06-00206-01A,MYC,P72S
HTMCP-01-06-00206-01A,TNFRSF14,T169Dfs*65
HTMCP-01-06-00206-01A,CARD11,D357G Q265P E242G T128M
HTMCP-01-06-00206-01A,TP53,R273C T102Pfs*21
HTMCP-01-06-00206-01A,PAX5,I99Sfs*60
HTMCP-01-06-00206-01A,CYCS,R39W
HTMCP-01-06-00206-01A,NFKBIE,G226Afs*19
HTMCP-01-06-00185-01A,PIM1,L2V P81S S97N L182F L184F
HTMCP-01-06-00185-01A,CD79B,X145_splice
HTMCP-01-06-00185-01A,TP53,C238Y
HTMCP-01-06-00185-01A,IRF4,S18N
HTMCP-01-06-00175-01A,CD79B,K80* M64T K63N
HTMCP-01-06-00175-01A,CDKN2A,X153_splice
HTMCP-01-06-00175-01A,BCL6,X17_splice
HTMCP-01-06-00175-01A,MYD88,S230N
HTMCP-01-06-00146-01A,TNFRSF14,X58_splice
HTMCP-01-06-00146-01A,TP53,R181C Y163H
HTMCP-01-06-00136-01A,PRDM1,C58W
HTMCP-01-06-00136-01A,CD79B,X184_splice
HTMCP-01-06-00121-01A,MYC,P17A S21T Y37H
HTMCP-01-06-00105-01A,CARD11,D401N X947_splice
HTMCP-01-06-00105-01A,TP53,R273C V73Wfs*50
HTMCP-01-06-00105-01A,BAX,R89Efs*44
HTMCP-01-02-00017-01A,MYC,Q52R D135G L191F
HTMCP-01-02-00017-01A,TP53,R248W P151H
HTMCP-01-01-00451-01A,MYC,T73N
HTMCP-01-01-00451-01A,PIM1,S101F R105S L164F
HTMCP-01-01-00451-01A,CDKN2A,R80* A4_P11del
HTMCP-01-01-00451-01A,MYD88,S206C
HTMCP-01-01-00012-01A,BCL6,X17_splice
HTMCP-01-01-00003-01D,MYC,T73A Y89N L164V P12T Y27H G99R G152A S218I
HTMCP-01-01-00003-01D,BAX,S4Y
